Symbol,Price,Action,Score,Confidence,Horizon,L1_Score,L1_Reasoning,L2_Score,L2_Reasoning,L3_Score,L3_Reasoning,P_Target,P_Stop,Pred_Return,MarketCap_Cr,Rebound_Score,Oversold_Score,Valuation_Score,Growth_Score,Technical_Score,Momentum_Score,Flag_52W_LOW,Flag_OVERSOLD,Flag_Double_Bottom,Double_Bottom_Stage,Double_Bottom_Score,Pct_From_52W_High,Pct_From_52W_Low,52W_High,52W_Low,RSI,Final_Rank_Score,PE_Ratio,PB_Ratio,ROE,Revenue_Growth_Pct,Debt_Equity,Index_Name
ABB,4914.9,SELL,24.3,0.21,3.8 days,38.1,Low Leverage (D/E: 0.01) | Healthy Margins (22.3%),20.0,Neutral Setup,0.9,MC Target Prob: 1.3% | Expected Horizon: 3.8d,0.01,0.49,-0.0085,147446.0,62.5,80.0,25.0,67.5,35.0,85.0,YES,NO,YES,Forming Trough 2,55.0,-23.79,0.79,6449.14,4876.16,34.2,35.8,95.2,18.82,0.0,0.8,0.01,Nifty Energy
ABREL,1532.7,SELL,6.9,0.06,3.5 days,-2.2,Average Fundamentals,20.0,Neutral Setup,4.6,MC Target Prob: 6.5% | Expected Horizon: 3.5d,0.06,0.53,-0.0233,13206.0,58.5,100.0,35.0,30.0,35.0,85.0,YES,YES,YES,Breakdown,10.0,-38.69,0.0,2499.86,1532.7,26.7,22.4,0.0,3.57,-8.9,0.0,1.52,Nifty Realty
ADANIENSOL,922.6,AVOID,36.7,0.31,3.3 days,56.3,Strong Revenue Growth (16.8%),20.0,Neutral Setup,21.9,MC Target Prob: 9.9% | Model Predicts Positive Return | Expected Horizon: 3.3d,0.1,0.55,0.0069,188649.0,56.0,60.0,25.0,67.5,65.0,85.0,NO,NO,NO,None,0.0,-12.79,42.67,1057.9,646.65,33.8,42.5,84.3,7.42,9.7,16.8,1.95,Nifty Energy
ADANIGREEN,935.3,AVOID,33.3,0.26,3.3 days,55.5,Healthy Margins (12.7%),20.0,Neutral Setup,6.8,MC Target Prob: 9.7% | Expected Horizon: 3.3d,0.1,0.58,-0.0062,245512.0,77.0,53.3,25.0,90.0,65.0,70.0,NO,NO,YES,Confirmed Bounce,70.0,-18.82,21.7,1152.15,768.55,23.6,46.4,155.1,12.73,7.6,14.3,3.47,"Nifty Energy, Nifty Infra"
ADANIPORTS,1430.0,AVOID,48.7,0.33,3.9 days,85.0,Strong Revenue Growth (26.5%) | High ROE (15.6%) | Low Leverage (D/E: 0.64) | Healthy Margins (33.1%),20.0,Neutral Setup,17.2,MC Target Prob: 3.2% | Model Predicts Positive Return | Expected Horizon: 3.9d,0.03,0.45,0.0076,415865.0,78.8,51.7,55.0,67.5,50.0,85.0,NO,NO,YES,Confirmed Bounce,70.0,-6.57,36.46,1530.5,1047.95,31.3,57.7,31.0,4.33,15.6,26.5,0.64,Nifty Infra
ADANIPOWER,142.77,WAIT,52.6,0.43,3.4 days,63.9,High ROE (20.9%) | Low Leverage (D/E: 0.82) | Healthy Margins (23.7%),56.0,Constructive RSI (Neutral-Bullish) | Positive Trend Slope,21.5,MC Target Prob: 9.3% | Model Predicts Positive Return | Expected Horizon: 3.4d,0.09,0.53,0.0014,435545.0,56.2,41.7,40.0,55.0,85.0,100.0,NO,NO,NO,None,0.0,-16.4,58.67,170.78,89.98,51.1,53.7,34.1,6.71,20.9,-0.1,0.82,Nifty Energy
AEGISLOG,721.75,WAIT,56.4,0.4,3.4 days,78.5,Strong Revenue Growth (52.2%) | High ROE (15.3%) | Low Leverage (D/E: 0.47) | Healthy Margins (10.8%),56.0,Constructive RSI (Neutral-Bullish) | Positive Trend Slope,7.5,MC Target Prob: 10.7% | Expected Horizon: 3.4d,0.11,0.52,-0.0045,26520.0,92.2,70.0,40.0,100.0,85.0,85.0,YES,NO,YES,Confirmed Bounce,80.0,-21.62,14.71,920.88,629.17,48.0,67.1,29.5,4.46,15.3,52.2,0.47,Nifty Energy
AMBUJACEM,549.55,WAIT,50.3,0.36,4.0 days,67.8,Low Leverage (D/E: 0.01) | Healthy Margins (11.6%),56.0,Constructive RSI (Neutral-Bullish) | Positive Trend Slope,0.8,MC Target Prob: 1.1% | Expected Horizon: 4.0d,0.01,0.42,-0.0029,103194.0,96.8,60.0,80.0,80.0,85.0,100.0,NO,NO,YES,Confirmed Bounce,70.0,-11.44,18.63,620.55,463.25,46.6,64.2,21.8,1.73,8.3,7.2,0.01,Nifty Infra
ANANTRAJ,552.0,WAIT,60.5,0.47,3.3 days,79.6,Strong Revenue Growth (19.6%) | Low Leverage (D/E: 0.12) | Healthy Margins (22.1%),56.0,Constructive RSI (Neutral-Bullish) | Positive Trend Slope,25.7,MC Target Prob: 15.2% | Model Predicts Positive Return | Expected Horizon: 3.3d,0.15,0.54,0.0097,18690.0,93.0,70.0,40.0,100.0,100.0,70.0,NO,YES,YES,Confirmed Bounce,80.0,-39.9,33.04,918.49,414.9,49.1,70.2,32.9,3.15,11.1,19.6,0.12,Nifty Realty
APOLLOHOSP,7262.86,WAIT,54.3,0.42,4.5 days,70.4,Strong Revenue Growth (18.1%) | High ROE (21.5%) | Low Leverage (D/E: 0.85),56.0,Constructive RSI (Neutral-Bullish) | Positive Trend Slope,15.0,MC Target Prob: 0.0% | Model Predicts Positive Return | Expected Horizon: 4.5d,0.0,0.25,0.0049,120182.0,80.5,38.3,25.0,100.0,85.0,100.0,NO,NO,YES,Confirmed Bounce,70.0,-9.23,20.31,8001.38,6036.85,55.8,62.2,61.8,12.67,21.5,18.1,0.85,Nifty Infra
ASHOKLEY,186.89,WAIT,61.0,0.51,4.1 days,68.3,Strong Revenue Growth (17.4%) | High ROE (21.6%),68.0,Bullish Trend Alignment (Price > SMA50 > SMA200) | Overbought RSI | Positive Trend Slope,32.2,MC Target Prob: 3.1% | Model Predicts +4.4% (10d) | Expected Horizon: 4.1d,0.03,0.36,0.0442,83139.0,61.2,20.0,65.0,100.0,100.0,40.0,NO,NO,YES,Extended Breakout,40.0,-1.0,95.28,188.78,95.7,74.6,61.1,23.9,5.37,21.6,17.4,3.45,"Nifty Auto, Nifty Infra"
ATGL,554.4,AVOID,46.7,0.34,3.4 days,72.0,Strong Revenue Growth (16.1%) | Low Leverage (D/E: 0.46) | Healthy Margins (11.1%),38.0,Constructive RSI (Neutral-Bullish),4.9,MC Target Prob: 7.0% | Expected Horizon: 3.4d,0.07,0.55,-0.0168,80748.0,63.0,80.0,25.0,80.0,65.0,70.0,YES,NO,YES,Breakdown,10.0,-28.99,1.36,780.75,546.95,40.3,51.6,123.4,16.61,14.5,16.1,0.46,Nifty Energy
BAJAJ-AUTO,9579.5,WAIT,61.0,0.39,4.3 days,82.6,Strong Revenue Growth (48.8%) | High ROE (28.0%) | Low Leverage (D/E: 0.56) | Healthy Margins (16.5%),68.0,Bullish Trend Alignment (Price > SMA50 > SMA200) | Overbought RSI | Positive Trend Slope,0.4,MC Target Prob: 0.5% | Expected Horizon: 4.3d,0.01,0.33,-0.0032,283293.0,84.5,28.3,65.0,100.0,85.0,70.0,NO,NO,YES,Confirmed Bounce,80.0,-2.15,34.43,9789.5,7126.19,70.9,68.0,26.4,7.3,28.0,48.8,0.56,Nifty Auto
BHARATFORG,1445.55,WAIT,64.6,0.44,4.0 days,64.7,Strong Revenue Growth (17.5%) | Low Leverage (D/E: 0.76),92.0,Bullish Trend Alignment (Price > SMA50 > SMA200) | Constructive RSI (Neutral-Bullish) | Positive Trend Slope | Bullish Pullback Entry,16.1,MC Target Prob: 1.6% | Model Predicts Positive Return | Expected Horizon: 4.0d,0.02,0.41,0.001,93189.0,64.2,33.3,25.0,55.0,100.0,70.0,NO,NO,YES,Neckline Breakout,75.0,-2.44,52.79,1481.71,946.12,48.8,64.5,86.5,9.74,11.6,17.5,0.76,"Nifty Auto, Nifty Infra"
BHARTIARTL,2022.5,AVOID,43.2,0.32,4.5 days,73.9,Strong Revenue Growth (15.7%) | High ROE (19.4%) | Low Leverage (D/E: 1.00) | Healthy Margins (12.7%),20.0,Neutral Setup,15.1,MC Target Prob: 0.1% | Model Predicts Positive Return | Expected Horizon: 4.5d,0.0,0.24,0.0058,1104567.0,59.2,61.7,40.0,55.0,65.0,100.0,NO,NO,NO,None,0.0,-6.48,29.88,2162.7,1557.18,26.3,48.0,40.8,7.11,19.4,15.7,1.0,Nifty Infra
BHEL,267.45,AVOID,42.3,0.36,3.7 days,56.1,Strong Revenue Growth (36.9%) | Low Leverage (D/E: 0.31),38.0,Constructive RSI (Neutral-Bullish),18.5,MC Target Prob: 5.0% | Model Predicts Positive Return | Expected Horizon: 3.7d,0.05,0.48,0.0057,134512.0,55.0,60.0,25.0,100.0,35.0,55.0,NO,NO,NO,None,0.0,-11.89,49.59,303.55,178.79,40.9,46.1,84.0,5.14,6.3,36.9,0.31,Nifty Energy
BOSCHLTD,37455.0,WAIT,64.6,0.46,4.4 days,74.7,Strong Revenue Growth (18.0%) | High ROE (19.4%) | Low Leverage (D/E: 0.01) | Healthy Margins (13.8%),80.0,Bullish Trend Alignment (Price > SMA50 > SMA200) | Constructive RSI (Neutral-Bullish) | Positive Trend Slope,15.1,MC Target Prob: 0.2% | Model Predicts Positive Return | Expected Horizon: 4.4d,0.0,0.3,0.0092,111456.0,77.0,28.3,40.0,67.5,100.0,100.0,NO,NO,YES,Confirmed Bounce,70.0,-9.74,44.99,41495.0,25832.09,61.3,68.3,40.1,7.51,19.4,18.0,0.01,Nifty Auto
BPCL,347.11,WAIT,51.7,0.38,4.2 days,78.4,High ROE (28.5%) | Low Leverage (D/E: 0.54),38.0,Constructive RSI (Neutral-Bullish),15.8,MC Target Prob: 1.2% | Model Predicts Positive Return | Expected Horizon: 4.2d,0.01,0.36,0.0082,121833.0,71.9,43.3,92.5,80.0,65.0,100.0,NO,NO,NO,None,0.0,-7.06,55.84,373.46,222.73,42.7,57.8,4.7,1.22,28.5,6.7,0.54,"Nifty Energy, Nifty Infra"
BRIGADE,842.4,AVOID,32.0,0.25,3.7 days,54.7,Low Leverage (D/E: 0.84) | Healthy Margins (11.3%),20.0,Neutral Setup,1.9,MC Target Prob: 2.7% | Expected Horizon: 3.7d,0.03,0.49,-0.02,15856.0,58.2,100.0,50.0,10.0,35.0,85.0,YES,YES,YES,Breakdown,10.0,-33.91,0.0,1274.72,842.4,36.7,39.9,2493.1,2.32,10.8,-0.2,0.84,Nifty Realty
CASTROLIND,182.31,AVOID,40.2,0.31,3.9 days,58.7,Low Leverage (D/E: 0.03) | Healthy Margins (16.4%),38.0,Positive Trend Slope,2.4,MC Target Prob: 3.5% | Expected Horizon: 3.9d,0.03,0.44,-0.0257,18107.0,71.8,70.0,65.0,47.5,100.0,100.0,NO,NO,YES,Breakdown,10.0,-19.2,17.36,225.64,155.35,31.8,49.7,18.9,9.53,0.0,8.7,0.03,Nifty Energy
CESC,157.07,AVOID,41.4,0.32,3.8 days,68.2,Average Fundamentals,20.0,Neutral Setup,18.3,MC Target Prob: 4.8% | Model Predicts Positive Return | Expected Horizon: 3.8d,0.05,0.45,0.0023,23130.0,75.2,60.0,80.0,70.0,65.0,85.0,NO,NO,YES,Forming Trough 2,55.0,-13.72,32.87,182.05,118.21,35.4,51.5,15.0,1.85,12.5,5.6,1.64,Nifty Energy
CGPOWER,575.63,SELL,17.8,0.16,3.8 days,23.0,Low Leverage (D/E: 0.00),20.0,Neutral Setup,2.3,MC Target Prob: 3.2% | Expected Horizon: 3.8d,0.03,0.46,-0.0003,142282.0,42.0,63.3,25.0,30.0,35.0,55.0,YES,NO,YES,Breakdown,10.0,-27.18,6.73,790.46,539.31,15.7,25.1,117.5,17.86,0.0,0.0,0.0,"Nifty Energy, Nifty Infra"
COALINDIA,426.56,WAIT,68.4,0.4,4.2 days,98.9,Strong Revenue Growth (16.2%) | High ROE (28.1%) | Low Leverage (D/E: 0.12) | Healthy Margins (18.5%),68.0,Bullish Trend Alignment (Price > SMA50 > SMA200) | Overbought RSI | Positive Trend Slope,0.3,MC Target Prob: 0.5% | Expected Horizon: 4.2d,0.0,0.35,-0.0,286505.0,68.5,38.3,80.0,90.0,100.0,40.0,NO,NO,NO,None,0.0,-0.02,28.9,426.66,330.93,70.5,68.4,9.2,2.41,28.1,16.2,0.12,Nifty Energy
COFORGE,1677.59,WAIT,54.8,0.44,4.0 days,77.6,Strong Revenue Growth (30.5%) | High ROE (18.6%) | Low Leverage (D/E: 0.08),38.0,Constructive RSI (Neutral-Bullish),32.8,MC Target Prob: 3.9% | Model Predicts +2.3% (10d) | Expected Horizon: 4.0d,0.04,0.41,0.0235,62094.0,77.2,50.0,25.0,100.0,50.0,85.0,NO,NO,YES,Confirmed Bounce,80.0,-14.98,34.04,1973.19,1251.58,51.5,61.5,32.0,4.94,18.6,30.5,0.08,Nifty IT
CUMMINSIND,4010.96,AVOID,48.7,0.36,4.0 days,78.6,Strong Revenue Growth (21.9%) | High ROE (29.5%) | Low Leverage (D/E: 0.00) | Healthy Margins (19.4%),20.0,Neutral Setup,31.7,MC Target Prob: 2.5% | Model Predicts +5.0% (10d) | Expected Horizon: 4.0d,0.02,0.42,0.0495,155523.0,75.5,51.7,25.0,100.0,35.0,85.0,NO,NO,YES,Confirmed Bounce,80.0,-12.41,51.57,4579.38,2646.24,29.1,56.7,66.0,19.7,29.5,21.9,0.0,Nifty Infra
DLF,651.05,SELL,6.5,0.06,3.9 days,-1.8,Low Leverage (D/E: 0.01) | Healthy Margins (53.9%),20.0,Neutral Setup,1.2,MC Target Prob: 1.7% | Expected Horizon: 3.9d,0.02,0.44,-0.0084,139410.0,52.0,80.0,55.0,10.0,35.0,70.0,YES,NO,NO,None,0.0,-25.51,7.85,873.96,603.63,29.1,20.2,31.6,3.07,10.0,-42.0,0.01,"Nifty Infra, Nifty Realty"
EICHERMOT,7358.0,BUY,73.5,0.48,4.5 days,85.0,Strong Revenue Growth (19.1%) | High ROE (23.8%) | Low Leverage (D/E: 0.02) | Healthy Margins (23.6%),92.0,Bullish Trend Alignment (Price > SMA50 > SMA200) | Constructive RSI (Neutral-Bullish) | Positive Trend Slope | Bullish Pullback Entry,15.3,MC Target Prob: 0.4% | Model Predicts Positive Return | Expected Horizon: 4.5d,0.0,0.26,0.0177,198173.0,62.2,33.3,55.0,90.0,70.0,100.0,NO,NO,NO,None,0.0,-2.96,58.47,7582.5,4643.14,52.2,70.1,35.9,7.89,23.8,19.1,0.02,Nifty Auto
EXIDEIND,345.35,AVOID,38.5,0.3,4.0 days,62.8,Low Leverage (D/E: 0.11),20.0,Neutral Setup,16.0,MC Target Prob: 1.4% | Model Predicts Positive Return | Expected Horizon: 4.0d,0.01,0.43,0.0014,32840.0,72.2,80.0,70.0,70.0,65.0,70.0,YES,NO,YES,Breakdown,10.0,-19.19,4.25,427.35,331.26,28.5,48.6,38.4,2.36,6.2,9.2,0.11,Nifty Auto
FORTIS,909.95,WAIT,56.3,0.48,4.2 days,67.4,Strong Revenue Growth (17.8%) | Low Leverage (D/E: 0.34) | Healthy Margins (11.4%),56.0,Constructive RSI (Neutral-Bullish) | Positive Trend Slope,31.9,MC Target Prob: 2.7% | Model Predicts +5.4% (10d) | Expected Horizon: 4.2d,0.03,0.34,0.0539,74673.0,62.2,41.7,25.0,100.0,100.0,85.0,NO,NO,NO,None,0.0,-17.12,56.75,1097.9,580.51,52.4,58.1,71.9,7.55,11.0,17.8,0.34,Nifty Infra
GAIL,160.18,AVOID,32.8,0.25,3.9 days,56.6,Low Leverage (D/E: 0.28),20.0,Neutral Setup,1.7,MC Target Prob: 2.4% | Expected Horizon: 3.9d,0.02,0.44,-0.013,110856.0,66.6,80.0,92.5,10.0,50.0,100.0,YES,NO,YES,Breakdown,10.0,-16.98,8.46,192.93,147.69,37.1,42.9,14.6,1.26,8.7,-2.4,0.28,"Nifty Energy, Nifty Infra"
GODREJPROP,1871.4,AVOID,46.6,0.3,3.7 days,87.0,Strong Revenue Growth (63.0%) | Low Leverage (D/E: 0.82) | Healthy Margins (36.1%),20.0,Neutral Setup,2.4,MC Target Prob: 3.5% | Expected Horizon: 3.7d,0.04,0.49,-0.0144,49446.0,70.0,80.0,55.0,100.0,35.0,70.0,YES,NO,YES,Breakdown,10.0,-24.15,0.0,2467.3,1871.4,35.5,53.6,26.7,2.58,10.0,63.0,0.82,Nifty Realty
GRASIM,2795.8,AVOID,48.6,0.34,4.4 days,50.5,Average Fundamentals,74.0,Bullish Trend Alignment (Price > SMA50 > SMA200) | Constructive RSI (Neutral-Bullish) | Bullish Pullback Entry,0.1,MC Target Prob: 0.2% | Expected Horizon: 4.4d,0.0,0.28,-0.0055,206849.0,87.8,51.7,55.0,90.0,70.0,100.0,NO,NO,YES,Confirmed Bounce,80.0,-5.51,22.63,2958.7,2279.86,45.8,60.4,41.7,2.08,6.3,10.5,1.34,Nifty Infra
GVT&D,2796.0,AVOID,46.9,0.34,3.7 days,78.9,Strong Revenue Growth (42.0%) | High ROE (55.3%) | Low Leverage (D/E: 0.01) | Healthy Margins (19.9%),20.0,Neutral Setup,21.8,MC Target Prob: 9.7% | Model Predicts Positive Return | Expected Horizon: 3.7d,0.1,0.46,0.0087,121468.0,66.2,51.7,30.0,100.0,65.0,85.0,NO,NO,YES,Forming Trough 2,55.0,-11.83,116.21,3171.2,1293.18,32.4,52.7,98.5,58.2,55.3,42.0,0.01,Nifty Energy
HCLTECH,1625.38,WAIT,60.6,0.39,4.4 days,72.4,High ROE (23.4%) | Low Leverage (D/E: 0.07) | Healthy Margins (12.8%),80.0,Bullish Trend Alignment (Price > SMA50 > SMA200) | Constructive RSI (Neutral-Bullish) | Positive Trend Slope,0.1,MC Target Prob: 0.2% | Expected Horizon: 4.4d,0.0,0.3,-0.01,306320.0,54.0,60.0,55.0,35.0,55.0,70.0,NO,NO,NO,None,0.0,-12.94,24.78,1867.0,1302.64,52.2,58.6,18.5,4.02,23.4,5.3,0.07,Nifty IT
HEROMOTOCO,5567.97,WAIT,64.1,0.5,4.3 days,85.5,Strong Revenue Growth (30.2%) | High ROE (28.0%) | Low Leverage (D/E: 0.04) | Healthy Margins (12.1%),56.0,Constructive RSI (Neutral-Bullish) | Positive Trend Slope,30.3,MC Target Prob: 0.5% | Model Predicts +5.8% (10d) | Expected Horizon: 4.3d,0.0,0.32,0.0579,97179.0,73.5,41.7,65.0,100.0,65.0,100.0,NO,NO,YES,Forming Trough 2,55.0,-10.61,64.96,6229.09,3375.28,52.3,66.9,16.9,4.5,28.0,30.2,0.04,Nifty Auto
HINDPETRO,440.15,AVOID,44.0,0.32,3.9 days,74.7,High ROE (30.9%) | Low Leverage (D/E: 0.85),20.0,Neutral Setup,17.0,MC Target Prob: 2.8% | Model Predicts Positive Return | Expected Horizon: 3.9d,0.03,0.42,0.0082,79315.0,70.4,51.7,92.5,67.5,65.0,85.0,NO,NO,YES,Breakdown,10.0,-11.8,55.37,499.05,283.3,37.0,51.9,4.4,1.21,30.9,4.9,0.85,"Nifty Energy, Nifty Infra"
IGL,177.96,AVOID,42.5,0.29,3.8 days,77.8,Low Leverage (D/E: 0.01),20.0,Neutral Setup,2.5,MC Target Prob: 3.6% | Expected Horizon: 3.8d,0.04,0.48,-0.0093,22907.0,70.0,80.0,80.0,35.0,70.0,85.0,YES,NO,YES,Breakdown,10.0,-19.88,4.52,222.12,170.27,29.3,50.8,14.8,1.99,13.9,5.4,0.01,Nifty Energy
INDHOTEL,689.45,AVOID,42.4,0.29,4.1 days,78.0,High ROE (16.4%) | Low Leverage (D/E: 0.19) | Healthy Margins (20.9%),20.0,Neutral Setup,1.2,MC Target Prob: 1.7% | Expected Horizon: 4.1d,0.02,0.39,-0.0079,92843.0,62.2,80.0,25.0,80.0,50.0,85.0,YES,NO,YES,Breakdown,10.0,-17.89,1.67,839.63,678.15,28.5,48.3,44.5,7.11,16.4,14.3,0.19,Nifty Infra
INDIGO,4733.0,SELL,24.8,0.21,4.2 days,39.3,Average Fundamentals,20.0,Neutral Setup,0.6,MC Target Prob: 0.9% | Expected Horizon: 4.2d,0.01,0.37,-0.0447,168571.0,50.0,53.3,35.0,35.0,65.0,85.0,NO,NO,YES,Breakdown,10.0,-23.11,18.67,6155.5,3988.26,19.6,32.4,0.0,24.17,0.0,6.2,8.66,Nifty Infra
INDUSTOWER,438.4,WAIT,70.0,0.48,4.0 days,85.7,High ROE (19.8%) | Low Leverage (D/E: 0.53) | Healthy Margins (22.0%),80.0,Bullish Trend Alignment (Price > SMA50 > SMA200) | Constructive RSI (Neutral-Bullish) | Positive Trend Slope,17.1,MC Target Prob: 3.0% | Model Predicts Positive Return | Expected Horizon: 4.0d,0.03,0.41,0.0074,112384.0,50.8,28.3,65.0,35.0,100.0,40.0,NO,NO,NO,None,0.0,-0.83,36.79,442.05,320.5,64.8,64.2,15.7,2.83,19.8,4.8,0.53,Nifty Infra
INFY,1599.8,WAIT,57.2,0.43,4.4 days,76.7,High ROE (31.4%) | Low Leverage (D/E: 0.10) | Healthy Margins (16.4%),56.0,Bullish Trend Alignment (Price > SMA50 > SMA200) | Bullish Pullback Entry,15.1,MC Target Prob: 0.2% | Model Predicts Positive Return | Expected Horizon: 4.4d,0.0,0.31,0.0072,463687.0,76.2,70.0,65.0,70.0,100.0,100.0,NO,NO,NO,None,0.0,-16.06,17.93,1905.8,1356.6,34.4,62.9,15.1,4.97,31.4,6.6,0.1,Nifty IT
INOXWIND,114.49,AVOID,31.1,0.25,3.4 days,50.5,Low Leverage (D/E: 0.21),20.0,Neutral Setup,6.6,MC Target Prob: 9.5% | Expected Horizon: 3.4d,0.09,0.55,-0.0122,14605.0,61.0,100.0,55.0,10.0,65.0,55.0,YES,YES,YES,Breakdown,10.0,-41.29,1.89,195.0,112.37,31.4,40.1,31.9,1.66,6.8,-2.4,0.21,Nifty Energy
IOC,157.18,WAIT,51.6,0.38,4.2 days,78.1,High ROE (21.0%) | Low Leverage (D/E: 0.58),38.0,Constructive RSI (Neutral-Bullish),15.4,MC Target Prob: 0.6% | Model Predicts Positive Return | Expected Horizon: 4.2d,0.01,0.37,0.014,191484.0,91.2,41.7,100.0,80.0,85.0,100.0,NO,NO,YES,Neckline Breakout,75.0,-5.25,47.67,165.88,106.44,47.6,63.5,4.4,0.85,21.0,6.7,0.58,"Nifty Energy, Nifty Infra"
JPPOWER,16.48,AVOID,38.3,0.33,3.4 days,53.5,Low Leverage (D/E: 0.27),20.0,Neutral Setup,36.1,MC Target Prob: 8.7% | Model Predicts +2.4% (10d) | Expected Horizon: 3.4d,0.09,0.56,0.0243,12686.0,64.0,90.0,55.0,32.5,65.0,70.0,NO,YES,YES,Breakdown,10.0,-39.48,26.48,27.23,13.03,35.9,46.0,37.8,1.81,3.6,3.4,0.27,Nifty Energy
JSWENERGY,494.65,AVOID,46.2,0.35,3.7 days,57.6,Strong Revenue Growth (41.0%) | Healthy Margins (11.8%),56.0,Constructive RSI (Neutral-Bullish) | Positive Trend Slope,3.3,MC Target Prob: 4.7% | Expected Horizon: 3.7d,0.05,0.48,-0.0157,104620.0,76.2,46.7,25.0,55.0,100.0,100.0,NO,NO,YES,Confirmed Bounce,70.0,-14.27,15.09,576.97,429.8,57.8,55.2,44.8,3.25,8.8,41.0,2.29,Nifty Energy
LODHA,1058.8,AVOID,47.6,0.34,3.7 days,74.6,High ROE (15.7%) | Low Leverage (D/E: 0.42) | Healthy Margins (20.6%),38.0,Constructive RSI (Neutral-Bullish),3.5,MC Target Prob: 5.0% | Expected Horizon: 3.7d,0.05,0.49,-0.0132,86106.0,67.2,70.0,55.0,60.0,70.0,100.0,YES,NO,YES,Breakdown,10.0,-29.93,0.67,1511.02,1051.78,45.8,53.5,25.2,3.7,15.7,7.6,0.42,Nifty Realty
LT,3828.41,AVOID,41.6,0.31,4.3 days,70.2,High ROE (17.0%) | Low Leverage (D/E: 0.98),20.0,Neutral Setup,15.2,MC Target Prob: 0.2% | Model Predicts Positive Return | Expected Horizon: 4.3d,0.0,0.34,0.002,533140.0,51.2,61.7,40.0,45.0,35.0,85.0,NO,NO,NO,None,0.0,-7.15,27.76,4123.13,2996.66,30.4,44.5,33.1,4.88,17.0,11.7,0.98,Nifty Infra
M&M,3649.5,WAIT,56.9,0.43,4.2 days,75.9,Strong Revenue Growth (30.9%) | High ROE (18.8%),56.0,Constructive RSI (Neutral-Bullish) | Positive Trend Slope,15.8,MC Target Prob: 1.1% | Model Predicts Positive Return | Expected Horizon: 4.2d,0.01,0.35,0.0083,354525.0,73.8,41.7,65.0,100.0,100.0,100.0,NO,NO,NO,None,0.0,-4.02,47.67,3802.4,2471.39,53.3,62.0,19.4,3.54,18.8,30.9,1.25,Nifty Auto
MARUTI,16152.0,AVOID,44.1,0.32,4.5 days,75.8,Strong Revenue Growth (28.2%) | Low Leverage (D/E: 0.00),20.0,Neutral Setup,15.1,MC Target Prob: 0.1% | Model Predicts Positive Return | Expected Horizon: 4.5d,0.0,0.26,0.0178,411018.0,63.0,51.7,55.0,55.0,85.0,100.0,NO,NO,NO,None,0.0,-6.59,44.11,17292.0,11208.44,39.5,49.8,28.0,3.84,14.4,28.2,0.0,Nifty Auto
MAXHEALTH,1033.6,AVOID,39.9,0.28,3.9 days,72.2,Low Leverage (D/E: 0.32) | Healthy Margins (17.2%),20.0,Neutral Setup,2.0,MC Target Prob: 2.9% | Expected Horizon: 3.9d,0.03,0.43,-0.0006,98049.0,58.0,80.0,25.0,70.0,35.0,85.0,YES,NO,YES,Breakdown,10.0,-20.49,7.31,1299.9,963.19,33.9,45.3,68.3,9.11,14.3,12.2,0.32,Nifty Infra
MGL,1037.49,AVOID,41.9,0.29,3.8 days,76.5,Low Leverage (D/E: 0.03) | Healthy Margins (10.2%),20.0,Neutral Setup,2.1,MC Target Prob: 3.0% | Expected Horizon: 3.8d,0.03,0.47,-0.005,10566.0,66.8,100.0,80.0,22.5,35.0,70.0,YES,YES,YES,Breakdown,10.0,-31.12,0.0,1506.19,1037.49,26.3,49.4,12.6,1.64,13.6,4.5,0.03,Nifty Energy
MOTHERSON,113.2,AVOID,40.2,0.31,3.9 days,66.2,Low Leverage (D/E: 0.44),20.0,Neutral Setup,17.1,MC Target Prob: 3.0% | Model Predicts Positive Return | Expected Horizon: 3.9d,0.03,0.42,0.0177,149765.0,77.0,43.3,40.0,90.0,50.0,85.0,NO,NO,YES,Confirmed Bounce,80.0,-7.32,51.07,122.14,74.93,26.5,51.2,38.9,4.06,10.1,14.9,0.44,"Nifty Auto, Nifty Infra"
MPHASIS,2788.8,WAIT,51.8,0.38,4.0 days,78.4,High ROE (18.3%) | Low Leverage (D/E: 0.24) | Healthy Margins (11.7%),38.0,Constructive RSI (Neutral-Bullish),16.2,MC Target Prob: 1.8% | Model Predicts Positive Return | Expected Horizon: 4.0d,0.02,0.4,0.0143,43846.0,81.2,51.7,40.0,80.0,65.0,100.0,NO,NO,YES,Confirmed Bounce,80.0,-7.06,35.31,3000.6,2061.02,42.4,60.6,24.4,4.31,18.3,14.4,0.24,Nifty IT
NAVA,569.2,WAIT,64.5,0.53,3.5 days,82.3,Low Leverage (D/E: 0.21) | Healthy Margins (18.3%),56.0,Constructive RSI (Neutral-Bullish) | Positive Trend Slope,39.1,MC Target Prob: 13.0% | Model Predicts +3.0% (10d) | Expected Horizon: 3.5d,0.13,0.48,0.0304,16588.0,60.0,28.3,70.0,45.0,100.0,100.0,NO,NO,YES,Breakdown,10.0,-20.21,58.77,713.34,358.51,55.7,63.2,21.0,2.05,10.3,12.2,0.21,Nifty Energy
NHPC,79.85,WAIT,55.2,0.37,4.0 days,78.6,Strong Revenue Growth (19.2%) | Healthy Margins (32.4%),56.0,Constructive RSI (Neutral-Bullish) | Positive Trend Slope,1.0,MC Target Prob: 1.4% | Expected Horizon: 4.0d,0.01,0.43,-0.0121,73841.0,96.5,56.7,70.0,100.0,100.0,70.0,YES,NO,YES,Confirmed Bounce,70.0,-10.06,14.86,88.78,69.52,61.9,67.6,26.5,1.79,9.0,19.2,1.13,Nifty Energy
NLCINDIA,256.5,WAIT,67.2,0.48,3.7 days,78.6,High ROE (16.0%) | Low Leverage (D/E: 0.82) | Healthy Margins (20.1%),80.0,Bullish Trend Alignment (Price > SMA50 > SMA200) | Constructive RSI (Neutral-Bullish) | Positive Trend Slope,19.1,MC Target Prob: 5.9% | Model Predicts Positive Return | Expected Horizon: 3.7d,0.06,0.49,0.0096,46556.0,72.5,28.3,80.0,10.0,100.0,70.0,NO,NO,YES,Confirmed Bounce,80.0,-8.82,34.69,281.31,190.43,57.2,68.8,13.2,2.16,16.0,-0.3,0.82,Nifty Energy
NTPC,346.48,WAIT,50.3,0.34,4.2 days,77.5,Healthy Margins (14.4%),44.0,Overbought RSI | Positive Trend Slope,0.4,MC Target Prob: 0.6% | Expected Horizon: 4.2d,0.01,0.36,-0.0204,351407.0,80.5,38.3,80.0,35.0,100.0,70.0,NO,NO,YES,Confirmed Bounce,70.0,-3.09,20.19,357.51,288.28,71.3,59.4,11.9,1.73,13.7,8.0,1.18,"Nifty Energy, Nifty Infra"
NTPCGREEN,91.75,AVOID,44.0,0.33,3.8 days,53.7,Strong Revenue Growth (46.7%) | Healthy Margins (18.3%),56.0,Constructive RSI (Neutral-Bullish) | Positive Trend Slope,1.2,MC Target Prob: 1.7% | Expected Horizon: 3.8d,0.02,0.47,0.0,84078.0,63.2,70.0,25.0,55.0,100.0,100.0,YES,NO,YES,Breakdown,10.0,-25.36,5.36,122.92,87.08,46.0,49.8,160.9,4.56,2.8,46.7,1.65,Nifty Energy
OBEROIRLTY,1644.14,WAIT,61.1,0.44,3.9 days,84.9,Strong Revenue Growth (52.1%) | Low Leverage (D/E: 0.16) | Healthy Margins (41.7%),56.0,Constructive RSI (Neutral-Bullish) | Positive Trend Slope,16.3,MC Target Prob: 1.8% | Model Predicts Positive Return | Expected Horizon: 3.9d,0.02,0.43,0.0009,57871.0,100.0,80.0,55.0,100.0,85.0,100.0,YES,NO,YES,Confirmed Bounce,80.0,-17.74,11.53,1998.79,1474.15,43.5,72.8,23.1,3.46,14.9,52.1,0.16,Nifty Realty
OFSS,7321.25,AVOID,48.7,0.33,3.9 days,85.0,Strong Revenue Growth (20.3%) | High ROE (32.6%) | Low Leverage (D/E: 0.00) | Healthy Margins (34.4%),20.0,Neutral Setup,17.1,MC Target Prob: 3.0% | Model Predicts Positive Return | Expected Horizon: 3.9d,0.03,0.45,0.0006,82450.0,62.5,80.0,25.0,100.0,35.0,70.0,YES,NO,YES,Breakdown,10.0,-27.23,8.21,10061.23,6765.85,39.5,52.8,31.4,10.53,32.6,20.3,0.0,Nifty IT
OIL,451.1,WAIT,61.9,0.41,3.7 days,82.8,Low Leverage (D/E: 0.59) | Healthy Margins (19.5%),68.0,Bullish Trend Alignment (Price > SMA50 > SMA200) | Overbought RSI | Positive Trend Slope,4.1,MC Target Prob: 5.9% | Expected Horizon: 3.7d,0.06,0.48,-0.0167,78240.0,81.6,28.3,92.5,80.0,100.0,40.0,NO,NO,YES,Neckline Breakout,75.0,-3.62,35.64,468.06,332.56,76.5,67.8,11.8,1.35,12.7,5.2,0.59,Nifty Energy
ONGC,242.52,WAIT,59.2,0.38,4.0 days,68.8,Low Leverage (D/E: 0.43),80.0,Bullish Trend Alignment (Price > SMA50 > SMA200) | Constructive RSI (Neutral-Bullish) | Positive Trend Slope,0.9,MC Target Prob: 1.3% | Expected Horizon: 4.0d,0.01,0.42,-0.0059,332937.0,92.0,38.3,100.0,67.5,100.0,70.0,NO,NO,YES,Confirmed Bounce,80.0,-3.2,16.29,250.54,208.55,64.7,69.0,8.0,0.9,12.7,1.9,0.43,"Nifty Energy, Nifty Infra"
PERSISTENT,6251.57,WAIT,50.2,0.39,4.0 days,73.9,Strong Revenue Growth (25.1%) | High ROE (26.3%) | Low Leverage (D/E: 0.06) | Healthy Margins (12.6%),38.0,Constructive RSI (Neutral-Bullish),18.3,MC Target Prob: 4.7% | Model Predicts Positive Return | Expected Horizon: 4.0d,0.05,0.4,0.0005,76991.0,76.2,41.7,25.0,100.0,70.0,70.0,NO,NO,YES,Confirmed Bounce,80.0,-4.41,42.89,6540.04,4375.22,48.6,58.0,41.4,9.84,26.3,25.1,0.06,Nifty IT
PETRONET,286.25,AVOID,37.2,0.29,4.1 days,38.7,High ROE (18.6%) | Low Leverage (D/E: 0.11),56.0,Constructive RSI (Neutral-Bullish) | Positive Trend Slope,1.0,MC Target Prob: 1.4% | Expected Horizon: 4.1d,0.01,0.39,-0.018,40103.0,67.8,56.7,80.0,55.0,85.0,70.0,YES,NO,NO,None,0.0,-10.31,10.01,319.14,260.2,55.0,46.4,10.3,1.8,18.6,-23.3,0.11,Nifty Energy
PHOENIXLTD,1868.4,WAIT,68.9,0.47,3.8 days,73.5,Strong Revenue Growth (33.7%) | Low Leverage (D/E: 0.37) | Healthy Margins (27.7%),92.0,Bullish Trend Alignment (Price > SMA50 > SMA200) | Constructive RSI (Neutral-Bullish) | Positive Trend Slope | Bullish Pullback Entry,18.1,MC Target Prob: 4.4% | Model Predicts Positive Return | Expected Horizon: 3.8d,0.04,0.45,0.0032,63149.0,55.5,41.7,25.0,100.0,85.0,40.0,NO,NO,NO,None,0.0,-4.22,32.04,1950.8,1415.03,53.6,64.9,50.3,5.75,11.1,33.7,0.37,Nifty Realty
POWERGRID,255.48,AVOID,36.3,0.26,4.2 days,65.0,High ROE (16.5%) | Healthy Margins (34.1%),20.0,Neutral Setup,0.2,MC Target Prob: 0.3% | Expected Horizon: 4.2d,0.0,0.37,-0.0115,269997.0,67.8,80.0,65.0,35.0,70.0,100.0,YES,NO,YES,Breakdown,10.0,-17.55,5.18,309.87,242.91,38.7,45.8,14.4,2.69,16.5,-5.0,1.51,"Nifty Energy, Nifty Infra"
POWERINDIA,16937.0,AVOID,48.0,0.37,3.4 days,73.5,Strong Revenue Growth (46.2%) | High ROE (21.0%) | Low Leverage (D/E: 0.02) | Healthy Margins (12.1%),20.0,Neutral Setup,39.7,MC Target Prob: 13.9% | Model Predicts +4.2% (10d) | Expected Horizon: 3.4d,0.14,0.51,0.042,156048.0,55.5,51.7,25.0,100.0,35.0,85.0,NO,NO,YES,Breakdown,10.0,-25.57,76.08,22755.0,9618.96,35.1,50.2,158.3,30.15,21.0,46.2,0.02,Nifty Energy
PRESTIGE,1500.2,AVOID,35.4,0.29,3.7 days,54.8,Strong Revenue Growth (166.5%),20.0,Neutral Setup,18.7,MC Target Prob: 5.2% | Model Predicts Positive Return | Expected Horizon: 3.7d,0.05,0.5,0.0086,57201.0,60.2,60.0,25.0,100.0,50.0,85.0,NO,NO,YES,Breakdown,10.0,-16.84,41.65,1804.02,1059.08,33.4,42.8,47.8,3.51,8.0,166.5,1.05,Nifty Realty
RELIANCE,1458.8,AVOID,43.2,0.32,4.5 days,73.6,Low Leverage (D/E: 0.37),20.0,Neutral Setup,15.1,MC Target Prob: 0.1% | Model Predicts Positive Return | Expected Horizon: 4.5d,0.0,0.28,0.0046,1709557.0,61.2,61.7,80.0,45.0,35.0,85.0,NO,NO,NO,None,0.0,-8.38,26.05,1592.3,1157.28,29.3,48.6,21.2,1.89,9.1,12.5,0.37,"Nifty Energy, Nifty Infra"
RPOWER,33.18,SELL,29.5,0.27,3.2 days,31.6,Low Leverage (D/E: 0.92),20.0,Neutral Setup,41.4,MC Target Prob: 16.3% | Model Predicts +2.1% (10d) | Expected Horizon: 3.2d,0.16,0.56,0.0211,11270.0,68.2,100.0,70.0,20.0,65.0,70.0,YES,YES,YES,Breakdown,10.0,-53.44,0.79,71.27,32.92,29.7,41.1,0.0,0.7,-2.1,-4.6,0.92,Nifty Energy
SHREECEM,27550.0,AVOID,37.8,0.29,4.5 days,40.5,Low Leverage (D/E: 0.38) | Healthy Margins (14.5%),56.0,Constructive RSI (Neutral-Bullish) | Positive Trend Slope,0.0,MC Target Prob: 0.1% | Expected Horizon: 4.5d,0.0,0.27,-0.0158,84916.0,57.8,56.7,25.0,47.5,100.0,100.0,YES,NO,YES,Breakdown,10.0,-14.58,11.49,32253.6,24711.56,68.3,43.8,48.6,9.22,0.0,5.2,0.38,Nifty Infra
SIEMENS,2970.8,AVOID,32.8,0.28,3.9 days,49.9,Low Leverage (D/E: 0.02),20.0,Neutral Setup,16.6,MC Target Prob: 2.3% | Model Predicts Positive Return | Expected Horizon: 3.9d,0.02,0.47,0.009,129058.0,53.0,80.0,25.0,45.0,35.0,85.0,YES,NO,YES,Breakdown,10.0,-17.86,9.46,3616.83,2713.99,36.7,38.9,76.5,9.32,0.0,14.6,0.02,Nifty Energy
SJVN,77.51,AVOID,48.0,0.35,3.7 days,62.2,Strong Revenue Growth (196.7%) | Healthy Margins (14.2%),56.0,Constructive RSI (Neutral-Bullish) | Positive Trend Slope,1.9,MC Target Prob: 2.8% | Expected Horizon: 3.7d,0.03,0.52,-0.0118,28408.0,60.5,56.7,40.0,65.0,100.0,55.0,YES,NO,YES,Breakdown,10.0,-24.89,11.85,103.19,69.29,57.8,51.7,44.3,1.96,4.5,196.7,2.27,Nifty Energy
SOBHA,1549.4,WAIT,59.2,0.44,3.7 days,61.4,Strong Revenue Growth (60.2%) | Low Leverage (D/E: 0.22),80.0,Bullish Trend Alignment (Price > SMA50 > SMA200) | Constructive RSI (Neutral-Bullish) | Positive Trend Slope,17.6,MC Target Prob: 3.7% | Model Predicts Positive Return | Expected Horizon: 3.7d,0.04,0.49,0.0156,13870.0,76.8,28.3,25.0,100.0,100.0,70.0,NO,NO,YES,Confirmed Bounce,80.0,-8.92,41.83,1701.2,1092.44,62.7,64.5,71.7,2.94,4.2,60.2,0.22,Nifty Realty
SONACOMS,460.15,AVOID,38.3,0.27,3.9 days,69.0,Strong Revenue Growth (45.4%) | Low Leverage (D/E: 0.07) | Healthy Margins (14.4%),20.0,Neutral Setup,1.3,MC Target Prob: 1.8% | Expected Horizon: 3.9d,0.02,0.45,-0.0084,36653.0,86.5,80.0,25.0,90.0,65.0,85.0,YES,NO,YES,Confirmed Bounce,70.0,-20.25,13.92,577.03,403.93,32.4,52.8,57.3,6.41,10.7,45.4,0.07,Nifty Auto
SUZLON,49.01,AVOID,45.8,0.3,3.7 days,84.3,Strong Revenue Growth (44.9%) | High ROE (40.6%) | Low Leverage (D/E: 0.06) | Healthy Margins (19.0%),20.0,Neutral Setup,4.5,MC Target Prob: 6.4% | Expected Horizon: 3.7d,0.06,0.48,-0.0251,74776.0,70.8,100.0,55.0,55.0,50.0,85.0,YES,YES,YES,Breakdown,10.0,-31.44,0.66,71.48,48.69,28.6,53.3,23.6,9.53,40.6,44.9,0.06,"Nifty Energy, Nifty Infra"
TATAPOWER,367.4,SELL,24.3,0.21,4.1 days,24.2,Average Fundamentals,38.0,Constructive RSI (Neutral-Bullish),0.5,MC Target Prob: 0.7% | Expected Horizon: 4.1d,0.01,0.39,-0.0058,129156.0,55.8,80.0,40.0,10.0,65.0,100.0,YES,NO,YES,Breakdown,10.0,-11.41,9.61,414.7,335.18,40.1,33.8,34.5,3.27,11.3,-12.8,1.68,"Nifty Energy, Nifty Infra"
TCS,3135.5,WAIT,50.4,0.33,4.5 days,82.3,High ROE (48.4%) | Low Leverage (D/E: 0.10) | Healthy Margins (18.4%),38.0,Constructive RSI (Neutral-Bullish),0.0,MC Target Prob: 0.0% | Expected Horizon: 4.5d,0.0,0.28,-0.0013,779300.0,77.0,80.0,65.0,70.0,85.0,100.0,YES,NO,NO,None,0.0,-23.01,10.94,4072.81,2826.29,40.6,58.4,15.8,6.87,48.4,9.6,0.1,Nifty IT
TECHM,1588.5,WAIT,59.1,0.39,4.4 days,73.6,High ROE (16.6%) | Low Leverage (D/E: 0.07),74.0,Bullish Trend Alignment (Price > SMA50 > SMA200) | Constructive RSI (Neutral-Bullish) | Bullish Pullback Entry,0.3,MC Target Prob: 0.4% | Expected Horizon: 4.4d,0.0,0.31,-0.0008,130989.0,81.5,61.7,40.0,80.0,100.0,70.0,NO,NO,YES,Neckline Breakout,75.0,-5.14,28.42,1674.6,1236.96,43.9,65.8,27.3,4.43,16.6,12.6,0.07,Nifty IT
THERMAX,2971.8,AVOID,48.1,0.35,3.7 days,62.4,Low Leverage (D/E: 0.42),56.0,Constructive RSI (Neutral-Bullish) | Positive Trend Slope,2.3,MC Target Prob: 3.2% | Expected Horizon: 3.7d,0.03,0.51,-0.0257,52904.0,66.0,70.0,25.0,80.0,85.0,100.0,YES,NO,YES,Breakdown,10.0,-26.24,7.14,4028.89,2773.8,45.6,53.5,73.6,9.53,13.7,11.1,0.42,Nifty Energy
TIINDIA,2352.81,SELL,28.0,0.23,3.7 days,46.0,Strong Revenue Growth (20.7%) | Low Leverage (D/E: 0.28),20.0,Neutral Setup,1.5,MC Target Prob: 2.2% | Expected Horizon: 3.7d,0.02,0.49,-0.0094,59275.0,53.0,83.3,25.0,55.0,35.0,55.0,YES,YES,YES,Breakdown,10.0,-31.43,0.0,3431.47,2352.81,20.0,35.5,93.0,7.88,0.0,20.7,0.28,Nifty Auto
TORNTPOWER,1331.31,AVOID,43.6,0.33,3.8 days,52.0,Low Leverage (D/E: 0.71),56.0,Constructive RSI (Neutral-Bullish) | Positive Trend Slope,3.3,MC Target Prob: 4.7% | Expected Horizon: 3.8d,0.05,0.47,-0.0161,73288.0,74.0,56.7,40.0,10.0,100.0,100.0,YES,NO,YES,Confirmed Bounce,80.0,-16.86,12.09,1601.25,1187.69,57.7,52.7,30.4,3.9,13.0,-0.8,0.71,Nifty Energy
TVSMOTOR,3677.55,WAIT,63.1,0.43,4.4 days,61.8,Strong Revenue Growth (31.3%) | High ROE (31.6%),92.0,Bullish Trend Alignment (Price > SMA50 > SMA200) | Constructive RSI (Neutral-Bullish) | Positive Trend Slope | Bullish Pullback Entry,15.6,MC Target Prob: 0.9% | Model Predicts Positive Return | Expected Horizon: 4.4d,0.01,0.29,0.0146,158483.0,75.2,20.0,25.0,90.0,100.0,100.0,NO,NO,YES,Confirmed Bounce,70.0,-4.54,70.25,3852.63,2160.06,55.3,66.7,52.5,47.43,31.6,31.3,3.06,Nifty Auto
ULTRACEMCO,12255.0,AVOID,47.1,0.38,4.4 days,54.5,Low Leverage (D/E: 0.29),56.0,Constructive RSI (Neutral-Bullish) | Positive Trend Slope,15.1,MC Target Prob: 0.1% | Model Predicts Positive Return | Expected Horizon: 4.4d,0.0,0.28,0.0099,317556.0,50.8,38.3,40.0,32.5,85.0,100.0,NO,NO,NO,None,0.0,-4.81,21.76,12874.0,10064.65,67.8,48.2,38.9,4.41,10.6,3.0,0.29,Nifty Infra
UNOMINDA,1191.53,AVOID,41.9,0.32,3.8 days,69.3,Strong Revenue Growth (17.8%) | High ROE (19.2%) | Low Leverage (D/E: 0.38),20.0,Neutral Setup,18.5,MC Target Prob: 5.0% | Model Predicts Positive Return | Expected Horizon: 3.8d,0.05,0.44,0.0129,62395.0,79.0,60.0,25.0,100.0,65.0,100.0,NO,NO,YES,Neckline Breakout,75.0,-12.73,48.74,1365.3,801.07,31.6,53.0,52.0,9.99,19.2,17.8,0.38,Nifty Auto
WIPRO,253.65,WAIT,67.6,0.47,4.2 days,85.8,High ROE (15.4%) | Low Leverage (D/E: 0.23) | Healthy Margins (14.2%),74.0,Bullish Trend Alignment (Price > SMA50 > SMA200) | Constructive RSI (Neutral-Bullish) | Bullish Pullback Entry,15.5,MC Target Prob: 0.7% | Model Predicts Positive Return | Expected Horizon: 4.2d,0.01,0.35,0.0042,187704.0,91.0,80.0,80.0,35.0,100.0,100.0,YES,NO,YES,Neckline Breakout,75.0,-16.84,13.31,305.02,223.85,41.8,74.6,14.3,2.09,15.4,7.7,0.23,Nifty IT
